{
  "started_at": "2026-06-28T01:14:13.134182",
  "calls": 26,
  "input_tokens": 46045,
  "output_tokens": 115860,
  "spent_usd": 1.689295,
  "blocked": 0,
  "cap_usd": 5.0,
  "remaining_usd": 3.310705,
  "pct_used": 33.8,
  "monthly_budget_usd": 50.0
}