{
  "started_at": "2026-06-28T01:14:13.134182",
  "calls": 50,
  "input_tokens": 132698,
  "output_tokens": 235231,
  "spent_usd": 3.726896,
  "blocked": 0,
  "cap_usd": 5.0,
  "remaining_usd": 1.273104,
  "pct_used": 74.5,
  "monthly_budget_usd": 50.0
}